Category,Volume,Mean
Detritus,16.66666667,0.37037037
Algae,920,20.44444444
Invertebrates,50,1.111111111
plants,76.66666667,1.703703704
fruits/seeds,10,0.222222222
molluscs,0,0
substratum,0,0
wood,0,0
Fish,3.333333333,0.074074074
