Category,Volume,Mean
Detritus,50,1.111111111
Algae,66.66666667,1.481481482
Invertebrates,715,15.88888889
plants,18.33333333,0.407407407
fruits/seeds,16.66666667,0.37037037
molluscs,116.6666667,2.592592593
substratum,116.6666667,2.592592593
wood,0,0
Fish,0,0
