Category,Volume,Mean
Detritus,488.6666667,10.85925926
Algae,191,4.244444444
Invertebrates,16,0.355555556
plants,14,0.311111111
fruits/seeds,10,0.222222222
molluscs,2,0.044444444
substratum,55.33333333,1.22962963
wood,100,2.222222222
Fish,0,0
